"","fish.id","age","lagoon","year.capture","month.capture","edge","birth","t","annuli_num","OL.t","OL.t1","OL.tNeg1","med_year_t","comb","annualT","winterT","growthT","summerT","lagoonT","avgLagT","shallowT","deepT"
"1","M026",2,"med",2008,"January","Opaque",2006,2006,1,1.430026417,1.73460499,0,"med_2006","med_2006",16.7062784025,13.559240758,18.9541624342857,20.3250259233333,20.3250259233333,24.4087890989729,24.7594444444444,24.0581337535014
"2","M026",2,"med",2008,"January","Opaque",2006,2007,2,1.73460499,NA,1.430026417,"med_2007","med_2007",16.7052226016667,13.7193799,18.8379673885714,20.4790245666667,20.4790245666667,22.3201246588379,21.9875,22.6527493176758
"3","M027",2,"med",2008,"January","Opaque",2006,2006,1,1.493600868,2.075765554,0,"med_2006","med_2006",16.7062784025,13.559240758,18.9541624342857,20.3250259233333,20.3250259233333,24.4087890989729,24.7594444444444,24.0581337535014
"4","M027",2,"med",2008,"January","Opaque",2006,2007,2,2.075765554,NA,1.493600868,"med_2007","med_2007",16.7052226016667,13.7193799,18.8379673885714,20.4790245666667,20.4790245666667,22.3201246588379,21.9875,22.6527493176758
"5","M028",2,"med",2008,"January","Opaque",2006,2006,1,1.4225545,1.86120122,0,"med_2006","med_2006",16.7062784025,13.559240758,18.9541624342857,20.3250259233333,20.3250259233333,24.4087890989729,24.7594444444444,24.0581337535014
"6","M028",2,"med",2008,"January","Opaque",2006,2007,2,1.86120122,NA,1.4225545,"med_2007","med_2007",16.7052226016667,13.7193799,18.8379673885714,20.4790245666667,20.4790245666667,22.3201246588379,21.9875,22.6527493176758
"7","M029",2,"med",2008,"January","Opaque",2006,2006,1,1.550569115,1.933226968,0,"med_2006","med_2006",16.7062784025,13.559240758,18.9541624342857,20.3250259233333,20.3250259233333,24.4087890989729,24.7594444444444,24.0581337535014
"8","M029",2,"med",2008,"January","Opaque",2006,2007,2,1.933226968,NA,1.550569115,"med_2007","med_2007",16.7052226016667,13.7193799,18.8379673885714,20.4790245666667,20.4790245666667,22.3201246588379,21.9875,22.6527493176758
"9","M030",2,"med",2008,"January","Opaque",2006,2006,1,1.468345007,1.855833365,0,"med_2006","med_2006",16.7062784025,13.559240758,18.9541624342857,20.3250259233333,20.3250259233333,24.4087890989729,24.7594444444444,24.0581337535014
"10","M030",2,"med",2008,"January","Opaque",2006,2007,2,1.855833365,NA,1.468345007,"med_2007","med_2007",16.7052226016667,13.7193799,18.8379673885714,20.4790245666667,20.4790245666667,22.3201246588379,21.9875,22.6527493176758
"11","M031",5,"med",2008,"February","Opaque",2003,2003,1,1.389268437,1.769490858,0,"med_2003","med_2003",17.21187078,13.756118252,19.6802654428571,21.55599521,21.55599521,26.1991666666667,26.6566666666667,25.7416666666667
"12","M031",5,"med",2008,"February","Opaque",2003,2004,2,1.769490858,2.006212336,1.389268437,"med_2004","med_2004",16.4490078908333,13.555410096,18.5158634585714,20.2378925333333,20.2378925333333,23.5438888888889,24.3544444444444,22.7333333333333
"13","M031",5,"med",2008,"February","Opaque",2003,2005,3,2.006212336,2.119277286,1.769490858,"med_2005","med_2005",16.51457726,13.48520655,18.6784134814286,20.54485515,20.54485515,23.4721289862099,24.12,22.8242579724197
"14","M031",5,"med",2008,"February","Opaque",2003,2006,4,2.119277286,2.319854591,2.006212336,"med_2006","med_2006",16.7062784025,13.559240758,18.9541624342857,20.3250259233333,20.3250259233333,24.4087890989729,24.7594444444444,24.0581337535014
"15","M031",5,"med",2008,"February","Opaque",2003,2007,5,2.319854591,NA,2.119277286,"med_2007","med_2007",16.7052226016667,13.7193799,18.8379673885714,20.4790245666667,20.4790245666667,22.3201246588379,21.9875,22.6527493176758
"16","M034",4,"med",2008,"February","Opaque",2004,2004,1,1.418308392,1.872982792,0,"med_2004","med_2004",16.4490078908333,13.555410096,18.5158634585714,20.2378925333333,20.2378925333333,23.5438888888889,24.3544444444444,22.7333333333333
"17","M034",4,"med",2008,"February","Opaque",2004,2005,2,1.872982792,2.139600236,1.418308392,"med_2005","med_2005",16.51457726,13.48520655,18.6784134814286,20.54485515,20.54485515,23.4721289862099,24.12,22.8242579724197
"18","M034",4,"med",2008,"February","Opaque",2004,2006,3,2.139600236,2.302667028,1.872982792,"med_2006","med_2006",16.7062784025,13.559240758,18.9541624342857,20.3250259233333,20.3250259233333,24.4087890989729,24.7594444444444,24.0581337535014
"19","M034",4,"med",2008,"February","Opaque",2004,2007,4,2.302667028,NA,2.139600236,"med_2007","med_2007",16.7052226016667,13.7193799,18.8379673885714,20.4790245666667,20.4790245666667,22.3201246588379,21.9875,22.6527493176758
"20","M035",3,"med",2008,"February","Opaque",2005,2005,1,1.727839408,2.000400806,0,"med_2005","med_2005",16.51457726,13.48520655,18.6784134814286,20.54485515,20.54485515,23.4721289862099,24.12,22.8242579724197
"21","M035",3,"med",2008,"February","Opaque",2005,2006,2,2.000400806,2.183453615,1.727839408,"med_2006","med_2006",16.7062784025,13.559240758,18.9541624342857,20.3250259233333,20.3250259233333,24.4087890989729,24.7594444444444,24.0581337535014
"22","M035",3,"med",2008,"February","Opaque",2005,2007,3,2.183453615,NA,2.000400806,"med_2007","med_2007",16.7052226016667,13.7193799,18.8379673885714,20.4790245666667,20.4790245666667,22.3201246588379,21.9875,22.6527493176758
"23","M037",4,"med",2008,"February","Opaque",2004,2004,1,1.416452999,1.905576523,0,"med_2004","med_2004",16.4490078908333,13.555410096,18.5158634585714,20.2378925333333,20.2378925333333,23.5438888888889,24.3544444444444,22.7333333333333
"24","M037",4,"med",2008,"February","Opaque",2004,2005,2,1.905576523,2.105238354,1.416452999,"med_2005","med_2005",16.51457726,13.48520655,18.6784134814286,20.54485515,20.54485515,23.4721289862099,24.12,22.8242579724197
"25","M037",4,"med",2008,"February","Opaque",2004,2006,3,2.105238354,2.360356883,1.905576523,"med_2006","med_2006",16.7062784025,13.559240758,18.9541624342857,20.3250259233333,20.3250259233333,24.4087890989729,24.7594444444444,24.0581337535014
"26","M037",4,"med",2008,"February","Opaque",2004,2007,4,2.360356883,NA,2.105238354,"med_2007","med_2007",16.7052226016667,13.7193799,18.8379673885714,20.4790245666667,20.4790245666667,22.3201246588379,21.9875,22.6527493176758
"27","M040",2,"med",2008,"February","Opaque",2006,2006,1,1.806926927,2.098168906,0,"med_2006","med_2006",16.7062784025,13.559240758,18.9541624342857,20.3250259233333,20.3250259233333,24.4087890989729,24.7594444444444,24.0581337535014
"28","M040",2,"med",2008,"February","Opaque",2006,2007,2,2.098168906,NA,1.806926927,"med_2007","med_2007",16.7052226016667,13.7193799,18.8379673885714,20.4790245666667,20.4790245666667,22.3201246588379,21.9875,22.6527493176758
"29","M042",2,"med",2008,"February","Opaque",2006,2006,1,1.721981674,2.141141552,0,"med_2006","med_2006",16.7062784025,13.559240758,18.9541624342857,20.3250259233333,20.3250259233333,24.4087890989729,24.7594444444444,24.0581337535014
"30","M042",2,"med",2008,"February","Opaque",2006,2007,2,2.141141552,NA,1.721981674,"med_2007","med_2007",16.7052226016667,13.7193799,18.8379673885714,20.4790245666667,20.4790245666667,22.3201246588379,21.9875,22.6527493176758
"31","M043",3,"med",2008,"February","Opaque",2005,2005,1,1.399442992,1.836732616,0,"med_2005","med_2005",16.51457726,13.48520655,18.6784134814286,20.54485515,20.54485515,23.4721289862099,24.12,22.8242579724197
"32","M043",3,"med",2008,"February","Opaque",2005,2006,2,1.836732616,2.098101947,1.399442992,"med_2006","med_2006",16.7062784025,13.559240758,18.9541624342857,20.3250259233333,20.3250259233333,24.4087890989729,24.7594444444444,24.0581337535014
"33","M043",3,"med",2008,"February","Opaque",2005,2007,3,2.098101947,NA,1.836732616,"med_2007","med_2007",16.7052226016667,13.7193799,18.8379673885714,20.4790245666667,20.4790245666667,22.3201246588379,21.9875,22.6527493176758
"34","M046",2,"med",2008,"February","Opaque",2006,2006,1,1.496653597,1.843032659,0,"med_2006","med_2006",16.7062784025,13.559240758,18.9541624342857,20.3250259233333,20.3250259233333,24.4087890989729,24.7594444444444,24.0581337535014
"35","M046",2,"med",2008,"February","Opaque",2006,2007,2,1.843032659,NA,1.496653597,"med_2007","med_2007",16.7052226016667,13.7193799,18.8379673885714,20.4790245666667,20.4790245666667,22.3201246588379,21.9875,22.6527493176758
"36","M048",3,"med",2008,"April","Opaque",2005,2005,1,1.529412305,1.936602798,0,"med_2005","med_2005",16.51457726,13.48520655,18.6784134814286,20.54485515,20.54485515,23.4721289862099,24.12,22.8242579724197
"37","M048",3,"med",2008,"April","Opaque",2005,2006,2,1.936602798,2.268806255,1.529412305,"med_2006","med_2006",16.7062784025,13.559240758,18.9541624342857,20.3250259233333,20.3250259233333,24.4087890989729,24.7594444444444,24.0581337535014
"38","M048",3,"med",2008,"April","Opaque",2005,2007,3,2.268806255,NA,1.936602798,"med_2007","med_2007",16.7052226016667,13.7193799,18.8379673885714,20.4790245666667,20.4790245666667,22.3201246588379,21.9875,22.6527493176758
"39","M050",2,"med",2008,"April","Opaque",2006,2006,1,1.562591925,2.016219298,0,"med_2006","med_2006",16.7062784025,13.559240758,18.9541624342857,20.3250259233333,20.3250259233333,24.4087890989729,24.7594444444444,24.0581337535014
"40","M050",2,"med",2008,"April","Opaque",2006,2007,2,2.016219298,NA,1.562591925,"med_2007","med_2007",16.7052226016667,13.7193799,18.8379673885714,20.4790245666667,20.4790245666667,22.3201246588379,21.9875,22.6527493176758
"41","M051",3,"med",2008,"April","Opaque",2005,2005,1,1.46494563,1.868184213,0,"med_2005","med_2005",16.51457726,13.48520655,18.6784134814286,20.54485515,20.54485515,23.4721289862099,24.12,22.8242579724197
"42","M051",3,"med",2008,"April","Opaque",2005,2006,2,1.868184213,2.040239616,1.46494563,"med_2006","med_2006",16.7062784025,13.559240758,18.9541624342857,20.3250259233333,20.3250259233333,24.4087890989729,24.7594444444444,24.0581337535014
"43","M051",3,"med",2008,"April","Opaque",2005,2007,3,2.040239616,NA,1.868184213,"med_2007","med_2007",16.7052226016667,13.7193799,18.8379673885714,20.4790245666667,20.4790245666667,22.3201246588379,21.9875,22.6527493176758
"44","M052",3,"med",2008,"April","Opaque",2005,2005,1,1.491285026,1.883926421,0,"med_2005","med_2005",16.51457726,13.48520655,18.6784134814286,20.54485515,20.54485515,23.4721289862099,24.12,22.8242579724197
"45","M052",3,"med",2008,"April","Opaque",2005,2006,2,1.883926421,2.056101287,1.491285026,"med_2006","med_2006",16.7062784025,13.559240758,18.9541624342857,20.3250259233333,20.3250259233333,24.4087890989729,24.7594444444444,24.0581337535014
"46","M052",3,"med",2008,"April","Opaque",2005,2007,3,2.056101287,NA,1.883926421,"med_2007","med_2007",16.7052226016667,13.7193799,18.8379673885714,20.4790245666667,20.4790245666667,22.3201246588379,21.9875,22.6527493176758
"47","M054",2,"med",2008,"April","Opaque",2006,2006,1,1.59545293,1.964075689,0,"med_2006","med_2006",16.7062784025,13.559240758,18.9541624342857,20.3250259233333,20.3250259233333,24.4087890989729,24.7594444444444,24.0581337535014
"48","M054",2,"med",2008,"April","Opaque",2006,2007,2,1.964075689,NA,1.59545293,"med_2007","med_2007",16.7052226016667,13.7193799,18.8379673885714,20.4790245666667,20.4790245666667,22.3201246588379,21.9875,22.6527493176758
"49","M055",2,"med",2008,"April","Opaque",2006,2006,1,1.568482901,1.920443185,0,"med_2006","med_2006",16.7062784025,13.559240758,18.9541624342857,20.3250259233333,20.3250259233333,24.4087890989729,24.7594444444444,24.0581337535014
"50","M055",2,"med",2008,"April","Opaque",2006,2007,2,1.920443185,NA,1.568482901,"med_2007","med_2007",16.7052226016667,13.7193799,18.8379673885714,20.4790245666667,20.4790245666667,22.3201246588379,21.9875,22.6527493176758
"51","M056",2,"med",2008,"April","Opaque",2006,2006,1,1.557313094,1.921985839,0,"med_2006","med_2006",16.7062784025,13.559240758,18.9541624342857,20.3250259233333,20.3250259233333,24.4087890989729,24.7594444444444,24.0581337535014
"52","M056",2,"med",2008,"April","Opaque",2006,2007,2,1.921985839,NA,1.557313094,"med_2007","med_2007",16.7052226016667,13.7193799,18.8379673885714,20.4790245666667,20.4790245666667,22.3201246588379,21.9875,22.6527493176758
"53","M058",3,"med",2008,"April","Opaque",2005,2005,1,1.477987968,1.776702056,0,"med_2005","med_2005",16.51457726,13.48520655,18.6784134814286,20.54485515,20.54485515,23.4721289862099,24.12,22.8242579724197
"54","M058",3,"med",2008,"April","Opaque",2005,2006,2,1.776702056,1.933133185,1.477987968,"med_2006","med_2006",16.7062784025,13.559240758,18.9541624342857,20.3250259233333,20.3250259233333,24.4087890989729,24.7594444444444,24.0581337535014
"55","M058",3,"med",2008,"April","Opaque",2005,2007,3,1.933133185,NA,1.776702056,"med_2007","med_2007",16.7052226016667,13.7193799,18.8379673885714,20.4790245666667,20.4790245666667,22.3201246588379,21.9875,22.6527493176758
"56","M060",2,"med",2008,"April","Opaque",2006,2006,1,1.564617482,1.86345296,0,"med_2006","med_2006",16.7062784025,13.559240758,18.9541624342857,20.3250259233333,20.3250259233333,24.4087890989729,24.7594444444444,24.0581337535014
"57","M060",2,"med",2008,"April","Opaque",2006,2007,2,1.86345296,NA,1.564617482,"med_2007","med_2007",16.7052226016667,13.7193799,18.8379673885714,20.4790245666667,20.4790245666667,22.3201246588379,21.9875,22.6527493176758
"58","M061",2,"med",2008,"April","Opaque",2006,2006,1,1.634140261,2.006282248,0,"med_2006","med_2006",16.7062784025,13.559240758,18.9541624342857,20.3250259233333,20.3250259233333,24.4087890989729,24.7594444444444,24.0581337535014
"59","M061",2,"med",2008,"April","Opaque",2006,2007,2,2.006282248,NA,1.634140261,"med_2007","med_2007",16.7052226016667,13.7193799,18.8379673885714,20.4790245666667,20.4790245666667,22.3201246588379,21.9875,22.6527493176758
"60","M062",5,"med",2008,"May","Opaque",2002,2002,1,1.487154205,1.898303548,0,"med_2002","med_2002",16.4570898133333,13.64538306,18.46545178,19.4677485966667,19.4677485966667,22.605462962963,22.4933333333333,22.7175925925926
"61","M062",5,"med",2008,"May","Opaque",2002,2003,2,1.898303548,2.179947774,1.487154205,"med_2003","med_2003",17.21187078,13.756118252,19.6802654428571,21.55599521,21.55599521,26.1991666666667,26.6566666666667,25.7416666666667
"62","M062",5,"med",2008,"May","Opaque",2002,2004,3,2.179947774,2.369530907,1.898303548,"med_2004","med_2004",16.4490078908333,13.555410096,18.5158634585714,20.2378925333333,20.2378925333333,23.5438888888889,24.3544444444444,22.7333333333333
"63","M062",5,"med",2008,"May","Opaque",2002,2005,4,2.369530907,2.443993033,2.179947774,"med_2005","med_2005",16.51457726,13.48520655,18.6784134814286,20.54485515,20.54485515,23.4721289862099,24.12,22.8242579724197
"64","M062",5,"med",2008,"May","Opaque",2002,2006,5,2.443993033,NA,2.369530907,"med_2006","med_2006",16.7062784025,13.559240758,18.9541624342857,20.3250259233333,20.3250259233333,24.4087890989729,24.7594444444444,24.0581337535014
"65","M063",6,"med",2008,"May","Opaque",2002,2002,1,1.492390762,1.923737797,0,"med_2002","med_2002",16.4570898133333,13.64538306,18.46545178,19.4677485966667,19.4677485966667,22.605462962963,22.4933333333333,22.7175925925926
"66","M063",6,"med",2008,"May","Opaque",2002,2003,2,1.923737797,2.184619372,1.492390762,"med_2003","med_2003",17.21187078,13.756118252,19.6802654428571,21.55599521,21.55599521,26.1991666666667,26.6566666666667,25.7416666666667
"67","M063",6,"med",2008,"May","Opaque",2002,2004,3,2.184619372,2.348805813,1.923737797,"med_2004","med_2004",16.4490078908333,13.555410096,18.5158634585714,20.2378925333333,20.2378925333333,23.5438888888889,24.3544444444444,22.7333333333333
"68","M063",6,"med",2008,"May","Opaque",2002,2005,4,2.348805813,2.453411745,2.184619372,"med_2005","med_2005",16.51457726,13.48520655,18.6784134814286,20.54485515,20.54485515,23.4721289862099,24.12,22.8242579724197
"69","M063",6,"med",2008,"May","Opaque",2002,2006,5,2.453411745,2.560654695,2.348805813,"med_2006","med_2006",16.7062784025,13.559240758,18.9541624342857,20.3250259233333,20.3250259233333,24.4087890989729,24.7594444444444,24.0581337535014
"70","M063",6,"med",2008,"May","Opaque",2002,2007,6,2.560654695,NA,2.453411745,"med_2007","med_2007",16.7052226016667,13.7193799,18.8379673885714,20.4790245666667,20.4790245666667,22.3201246588379,21.9875,22.6527493176758
"71","M064",2,"med",2008,"May","Translucent",2006,2006,1,1.644533573,2.130545396,0,"med_2006","med_2006",16.7062784025,13.559240758,18.9541624342857,20.3250259233333,20.3250259233333,24.4087890989729,24.7594444444444,24.0581337535014
"72","M064",2,"med",2008,"May","Translucent",2006,2007,2,2.130545396,NA,1.644533573,"med_2007","med_2007",16.7052226016667,13.7193799,18.8379673885714,20.4790245666667,20.4790245666667,22.3201246588379,21.9875,22.6527493176758
"73","M065",3,"med",2008,"May","Opaque",2005,2005,1,1.382340816,1.810578689,0,"med_2005","med_2005",16.51457726,13.48520655,18.6784134814286,20.54485515,20.54485515,23.4721289862099,24.12,22.8242579724197
"74","M065",3,"med",2008,"May","Opaque",2005,2006,2,1.810578689,2.06981347,1.382340816,"med_2006","med_2006",16.7062784025,13.559240758,18.9541624342857,20.3250259233333,20.3250259233333,24.4087890989729,24.7594444444444,24.0581337535014
"75","M065",3,"med",2008,"May","Opaque",2005,2007,3,2.06981347,NA,1.810578689,"med_2007","med_2007",16.7052226016667,13.7193799,18.8379673885714,20.4790245666667,20.4790245666667,22.3201246588379,21.9875,22.6527493176758
"76","M066",3,"med",2008,"May","Opaque",2005,2005,1,1.412263408,1.852864974,0,"med_2005","med_2005",16.51457726,13.48520655,18.6784134814286,20.54485515,20.54485515,23.4721289862099,24.12,22.8242579724197
"77","M066",3,"med",2008,"May","Opaque",2005,2006,2,1.852864974,2.019397675,1.412263408,"med_2006","med_2006",16.7062784025,13.559240758,18.9541624342857,20.3250259233333,20.3250259233333,24.4087890989729,24.7594444444444,24.0581337535014
"78","M066",3,"med",2008,"May","Opaque",2005,2007,3,2.019397675,NA,1.852864974,"med_2007","med_2007",16.7052226016667,13.7193799,18.8379673885714,20.4790245666667,20.4790245666667,22.3201246588379,21.9875,22.6527493176758
"79","M067",2,"med",2008,"May","Opaque",2006,2006,1,1.783495667,2.110814176,0,"med_2006","med_2006",16.7062784025,13.559240758,18.9541624342857,20.3250259233333,20.3250259233333,24.4087890989729,24.7594444444444,24.0581337535014
"80","M067",2,"med",2008,"May","Opaque",2006,2007,2,2.110814176,NA,1.783495667,"med_2007","med_2007",16.7052226016667,13.7193799,18.8379673885714,20.4790245666667,20.4790245666667,22.3201246588379,21.9875,22.6527493176758
"81","M068",2,"med",2008,"May","Opaque",2006,2006,1,1.435340312,1.847376441,0,"med_2006","med_2006",16.7062784025,13.559240758,18.9541624342857,20.3250259233333,20.3250259233333,24.4087890989729,24.7594444444444,24.0581337535014
"82","M068",2,"med",2008,"May","Opaque",2006,2007,2,1.847376441,NA,1.435340312,"med_2007","med_2007",16.7052226016667,13.7193799,18.8379673885714,20.4790245666667,20.4790245666667,22.3201246588379,21.9875,22.6527493176758
"83","M069",2,"med",2008,"May","Opaque",2006,2006,1,1.742288175,2.140865435,0,"med_2006","med_2006",16.7062784025,13.559240758,18.9541624342857,20.3250259233333,20.3250259233333,24.4087890989729,24.7594444444444,24.0581337535014
"84","M069",2,"med",2008,"May","Opaque",2006,2007,2,2.140865435,NA,1.742288175,"med_2007","med_2007",16.7052226016667,13.7193799,18.8379673885714,20.4790245666667,20.4790245666667,22.3201246588379,21.9875,22.6527493176758
"85","M070",2,"med",2008,"May","Translucent",2006,2006,1,1.726257873,2.021690159,0,"med_2006","med_2006",16.7062784025,13.559240758,18.9541624342857,20.3250259233333,20.3250259233333,24.4087890989729,24.7594444444444,24.0581337535014
"86","M070",2,"med",2008,"May","Translucent",2006,2007,2,2.021690159,NA,1.726257873,"med_2007","med_2007",16.7052226016667,13.7193799,18.8379673885714,20.4790245666667,20.4790245666667,22.3201246588379,21.9875,22.6527493176758
"87","M071",3,"med",2008,"May","Translucent",2005,2005,1,1.317879446,1.671105641,0,"med_2005","med_2005",16.51457726,13.48520655,18.6784134814286,20.54485515,20.54485515,23.4721289862099,24.12,22.8242579724197
"88","M071",3,"med",2008,"May","Translucent",2005,2006,2,1.671105641,2.199833633,1.317879446,"med_2006","med_2006",16.7062784025,13.559240758,18.9541624342857,20.3250259233333,20.3250259233333,24.4087890989729,24.7594444444444,24.0581337535014
"89","M071",3,"med",2008,"May","Translucent",2005,2007,3,2.199833633,NA,1.671105641,"med_2007","med_2007",16.7052226016667,13.7193799,18.8379673885714,20.4790245666667,20.4790245666667,22.3201246588379,21.9875,22.6527493176758
"90","M072",3,"med",2008,"June","Translucent",2005,2005,1,1.336315999,1.688014998,0,"med_2005","med_2005",16.51457726,13.48520655,18.6784134814286,20.54485515,20.54485515,23.4721289862099,24.12,22.8242579724197
"91","M072",3,"med",2008,"June","Translucent",2005,2006,2,1.688014998,1.983252743,1.336315999,"med_2006","med_2006",16.7062784025,13.559240758,18.9541624342857,20.3250259233333,20.3250259233333,24.4087890989729,24.7594444444444,24.0581337535014
"92","M072",3,"med",2008,"June","Translucent",2005,2007,3,1.983252743,NA,1.688014998,"med_2007","med_2007",16.7052226016667,13.7193799,18.8379673885714,20.4790245666667,20.4790245666667,22.3201246588379,21.9875,22.6527493176758
"93","M075",2,"med",2008,"June","Translucent",2006,2006,1,1.616452005,2.024606014,0,"med_2006","med_2006",16.7062784025,13.559240758,18.9541624342857,20.3250259233333,20.3250259233333,24.4087890989729,24.7594444444444,24.0581337535014
"94","M075",2,"med",2008,"June","Translucent",2006,2007,2,2.024606014,NA,1.616452005,"med_2007","med_2007",16.7052226016667,13.7193799,18.8379673885714,20.4790245666667,20.4790245666667,22.3201246588379,21.9875,22.6527493176758
"95","M076",3,"med",2008,"June","Translucent",2005,2005,1,1.670311358,2.188487432,0,"med_2005","med_2005",16.51457726,13.48520655,18.6784134814286,20.54485515,20.54485515,23.4721289862099,24.12,22.8242579724197
"96","M076",3,"med",2008,"June","Translucent",2005,2006,2,2.188487432,2.479551107,1.670311358,"med_2006","med_2006",16.7062784025,13.559240758,18.9541624342857,20.3250259233333,20.3250259233333,24.4087890989729,24.7594444444444,24.0581337535014
"97","M076",3,"med",2008,"June","Translucent",2005,2007,3,2.479551107,NA,2.188487432,"med_2007","med_2007",16.7052226016667,13.7193799,18.8379673885714,20.4790245666667,20.4790245666667,22.3201246588379,21.9875,22.6527493176758
"98","M077",3,"med",2008,"August","Translucent",2005,2005,1,1.599237726,1.935813666,0,"med_2005","med_2005",16.51457726,13.48520655,18.6784134814286,20.54485515,20.54485515,23.4721289862099,24.12,22.8242579724197
"99","M077",3,"med",2008,"August","Translucent",2005,2006,2,1.935813666,2.25447326,1.599237726,"med_2006","med_2006",16.7062784025,13.559240758,18.9541624342857,20.3250259233333,20.3250259233333,24.4087890989729,24.7594444444444,24.0581337535014
"100","M077",3,"med",2008,"August","Translucent",2005,2007,3,2.25447326,NA,1.935813666,"med_2007","med_2007",16.7052226016667,13.7193799,18.8379673885714,20.4790245666667,20.4790245666667,22.3201246588379,21.9875,22.6527493176758
"101","M078",2,"med",2008,"August","Translucent",2006,2006,1,1.7367823,2.272679905,0,"med_2006","med_2006",16.7062784025,13.559240758,18.9541624342857,20.3250259233333,20.3250259233333,24.4087890989729,24.7594444444444,24.0581337535014
"102","M078",2,"med",2008,"August","Translucent",2006,2007,2,2.272679905,NA,1.7367823,"med_2007","med_2007",16.7052226016667,13.7193799,18.8379673885714,20.4790245666667,20.4790245666667,22.3201246588379,21.9875,22.6527493176758
"103","M080",1,"med",2008,"August","Translucent",2007,2007,1,1.776193904,NA,0,"med_2007","med_2007",16.7052226016667,13.7193799,18.8379673885714,20.4790245666667,20.4790245666667,22.3201246588379,21.9875,22.6527493176758
"104","M085",1,"med",2008,"August","Translucent",2007,2007,1,1.417030065,NA,0,"med_2007","med_2007",16.7052226016667,13.7193799,18.8379673885714,20.4790245666667,20.4790245666667,22.3201246588379,21.9875,22.6527493176758
"105","M087",1,"med",2008,"August","Translucent",2007,2007,1,2.087755813,NA,0,"med_2007","med_2007",16.7052226016667,13.7193799,18.8379673885714,20.4790245666667,20.4790245666667,22.3201246588379,21.9875,22.6527493176758
"106","M088",1,"med",2008,"August","Translucent",2007,2007,1,1.358871964,NA,0,"med_2007","med_2007",16.7052226016667,13.7193799,18.8379673885714,20.4790245666667,20.4790245666667,22.3201246588379,21.9875,22.6527493176758
"107","M089",1,"med",2008,"August","Translucent",2007,2007,1,1.327042944,NA,0,"med_2007","med_2007",16.7052226016667,13.7193799,18.8379673885714,20.4790245666667,20.4790245666667,22.3201246588379,21.9875,22.6527493176758
"108","M090",1,"med",2008,"August","Translucent",2007,2007,1,1.614071988,NA,0,"med_2007","med_2007",16.7052226016667,13.7193799,18.8379673885714,20.4790245666667,20.4790245666667,22.3201246588379,21.9875,22.6527493176758
"109","M091",1,"med",2008,"August","Translucent",2007,2007,1,1.482843839,NA,0,"med_2007","med_2007",16.7052226016667,13.7193799,18.8379673885714,20.4790245666667,20.4790245666667,22.3201246588379,21.9875,22.6527493176758
"110","M092",1,"med",2008,"August","Translucent",2007,2007,1,1.499414877,NA,0,"med_2007","med_2007",16.7052226016667,13.7193799,18.8379673885714,20.4790245666667,20.4790245666667,22.3201246588379,21.9875,22.6527493176758
"111","M094",1,"med",2008,"August","Translucent",2007,2007,1,1.215369721,NA,0,"med_2007","med_2007",16.7052226016667,13.7193799,18.8379673885714,20.4790245666667,20.4790245666667,22.3201246588379,21.9875,22.6527493176758
"112","M095",1,"med",2008,"August","Translucent",2007,2007,1,1.425023349,NA,0,"med_2007","med_2007",16.7052226016667,13.7193799,18.8379673885714,20.4790245666667,20.4790245666667,22.3201246588379,21.9875,22.6527493176758
"113","M096",1,"med",2008,"August","Translucent",2007,2007,1,1.443440938,NA,0,"med_2007","med_2007",16.7052226016667,13.7193799,18.8379673885714,20.4790245666667,20.4790245666667,22.3201246588379,21.9875,22.6527493176758
"114","M097",1,"med",2008,"August","Translucent",2007,2007,1,1.712165262,NA,0,"med_2007","med_2007",16.7052226016667,13.7193799,18.8379673885714,20.4790245666667,20.4790245666667,22.3201246588379,21.9875,22.6527493176758
"115","M098",1,"med",2008,"August","Translucent",2007,2007,1,1.480591666,NA,0,"med_2007","med_2007",16.7052226016667,13.7193799,18.8379673885714,20.4790245666667,20.4790245666667,22.3201246588379,21.9875,22.6527493176758
"116","M099",1,"med",2008,"August","Translucent",2007,2007,1,1.340127154,NA,0,"med_2007","med_2007",16.7052226016667,13.7193799,18.8379673885714,20.4790245666667,20.4790245666667,22.3201246588379,21.9875,22.6527493176758
"117","M100",2,"med",2008,"September","Translucent",2006,2006,1,1.517801105,1.909066509,0,"med_2006","med_2006",16.7062784025,13.559240758,18.9541624342857,20.3250259233333,20.3250259233333,24.4087890989729,24.7594444444444,24.0581337535014
"118","M100",2,"med",2008,"September","Translucent",2006,2007,2,1.909066509,NA,1.517801105,"med_2007","med_2007",16.7052226016667,13.7193799,18.8379673885714,20.4790245666667,20.4790245666667,22.3201246588379,21.9875,22.6527493176758
"119","M101",2,"med",2008,"September","Translucent",2006,2006,1,2.040699574,2.763283411,0,"med_2006","med_2006",16.7062784025,13.559240758,18.9541624342857,20.3250259233333,20.3250259233333,24.4087890989729,24.7594444444444,24.0581337535014
"120","M101",2,"med",2008,"September","Translucent",2006,2007,2,2.763283411,NA,2.040699574,"med_2007","med_2007",16.7052226016667,13.7193799,18.8379673885714,20.4790245666667,20.4790245666667,22.3201246588379,21.9875,22.6527493176758
"121","M102",3,"med",2008,"September","Translucent",2005,2005,1,1.353058817,1.767596214,0,"med_2005","med_2005",16.51457726,13.48520655,18.6784134814286,20.54485515,20.54485515,23.4721289862099,24.12,22.8242579724197
"122","M102",3,"med",2008,"September","Translucent",2005,2006,2,1.767596214,1.986412698,1.353058817,"med_2006","med_2006",16.7062784025,13.559240758,18.9541624342857,20.3250259233333,20.3250259233333,24.4087890989729,24.7594444444444,24.0581337535014
"123","M102",3,"med",2008,"September","Translucent",2005,2007,3,1.986412698,NA,1.767596214,"med_2007","med_2007",16.7052226016667,13.7193799,18.8379673885714,20.4790245666667,20.4790245666667,22.3201246588379,21.9875,22.6527493176758
"124","M103",2,"med",2008,"September","Translucent",2006,2006,1,1.585309009,2.004650414,0,"med_2006","med_2006",16.7062784025,13.559240758,18.9541624342857,20.3250259233333,20.3250259233333,24.4087890989729,24.7594444444444,24.0581337535014
"125","M103",2,"med",2008,"September","Translucent",2006,2007,2,2.004650414,NA,1.585309009,"med_2007","med_2007",16.7052226016667,13.7193799,18.8379673885714,20.4790245666667,20.4790245666667,22.3201246588379,21.9875,22.6527493176758
"126","M105",1,"med",2008,"September","Translucent",2007,2007,1,1.392898024,NA,0,"med_2007","med_2007",16.7052226016667,13.7193799,18.8379673885714,20.4790245666667,20.4790245666667,22.3201246588379,21.9875,22.6527493176758
"127","M106",1,"med",2008,"September","Translucent",2007,2007,1,1.413777867,NA,0,"med_2007","med_2007",16.7052226016667,13.7193799,18.8379673885714,20.4790245666667,20.4790245666667,22.3201246588379,21.9875,22.6527493176758
"128","M107",1,"med",2008,"September","Translucent",2007,2007,1,1.604484111,NA,0,"med_2007","med_2007",16.7052226016667,13.7193799,18.8379673885714,20.4790245666667,20.4790245666667,22.3201246588379,21.9875,22.6527493176758
"129","M108",6,"med",2008,"September","Translucent",2002,2002,1,1.104,1.783,0,"med_2002","med_2002",16.4570898133333,13.64538306,18.46545178,19.4677485966667,19.4677485966667,22.605462962963,22.4933333333333,22.7175925925926
"130","M108",6,"med",2008,"September","Translucent",2002,2003,2,1.783,2.087,1.104,"med_2003","med_2003",17.21187078,13.756118252,19.6802654428571,21.55599521,21.55599521,26.1991666666667,26.6566666666667,25.7416666666667
"131","M108",6,"med",2008,"September","Translucent",2002,2004,3,2.087,2.302,1.783,"med_2004","med_2004",16.4490078908333,13.555410096,18.5158634585714,20.2378925333333,20.2378925333333,23.5438888888889,24.3544444444444,22.7333333333333
"132","M108",6,"med",2008,"September","Translucent",2002,2005,4,2.302,2.484,2.087,"med_2005","med_2005",16.51457726,13.48520655,18.6784134814286,20.54485515,20.54485515,23.4721289862099,24.12,22.8242579724197
"133","M108",6,"med",2008,"September","Translucent",2002,2006,5,2.484,2.646,2.302,"med_2006","med_2006",16.7062784025,13.559240758,18.9541624342857,20.3250259233333,20.3250259233333,24.4087890989729,24.7594444444444,24.0581337535014
"134","M108",6,"med",2008,"September","Translucent",2002,2007,6,2.646,NA,2.484,"med_2007","med_2007",16.7052226016667,13.7193799,18.8379673885714,20.4790245666667,20.4790245666667,22.3201246588379,21.9875,22.6527493176758
"135","M109",2,"med",2008,"December","Just Opaque",2006,2006,1,1.468946246,1.857940349,0,"med_2006","med_2006",16.7062784025,13.559240758,18.9541624342857,20.3250259233333,20.3250259233333,24.4087890989729,24.7594444444444,24.0581337535014
"136","M109",2,"med",2008,"December","Just Opaque",2006,2007,2,1.857940349,NA,1.468946246,"med_2007","med_2007",16.7052226016667,13.7193799,18.8379673885714,20.4790245666667,20.4790245666667,22.3201246588379,21.9875,22.6527493176758
"137","M110",2,"med",2008,"December","Just Opaque",2006,2006,1,1.293559028,1.798097121,0,"med_2006","med_2006",16.7062784025,13.559240758,18.9541624342857,20.3250259233333,20.3250259233333,24.4087890989729,24.7594444444444,24.0581337535014
"138","M110",2,"med",2008,"December","Just Opaque",2006,2007,2,1.798097121,NA,1.293559028,"med_2007","med_2007",16.7052226016667,13.7193799,18.8379673885714,20.4790245666667,20.4790245666667,22.3201246588379,21.9875,22.6527493176758
"139","M111",2,"med",2008,"December","Just Opaque",2006,2006,1,1.461286976,1.968097982,0,"med_2006","med_2006",16.7062784025,13.559240758,18.9541624342857,20.3250259233333,20.3250259233333,24.4087890989729,24.7594444444444,24.0581337535014
"140","M111",2,"med",2008,"December","Just Opaque",2006,2007,2,1.968097982,NA,1.461286976,"med_2007","med_2007",16.7052226016667,13.7193799,18.8379673885714,20.4790245666667,20.4790245666667,22.3201246588379,21.9875,22.6527493176758
"141","M113",2,"med",2008,"December","Just Opaque",2006,2006,1,1.622308143,1.898657681,0,"med_2006","med_2006",16.7062784025,13.559240758,18.9541624342857,20.3250259233333,20.3250259233333,24.4087890989729,24.7594444444444,24.0581337535014
"142","M113",2,"med",2008,"December","Just Opaque",2006,2007,2,1.898657681,NA,1.622308143,"med_2007","med_2007",16.7052226016667,13.7193799,18.8379673885714,20.4790245666667,20.4790245666667,22.3201246588379,21.9875,22.6527493176758
"143","M114",1,"med",2008,"December","Translucent ",2007,2007,1,1.424636515,NA,0,"med_2007","med_2007",16.7052226016667,13.7193799,18.8379673885714,20.4790245666667,20.4790245666667,22.3201246588379,21.9875,22.6527493176758
"144","M115",1,"med",2008,"December","Translucent",2007,2007,1,1.442974819,NA,0,"med_2007","med_2007",16.7052226016667,13.7193799,18.8379673885714,20.4790245666667,20.4790245666667,22.3201246588379,21.9875,22.6527493176758
"145","M116",2,"med",2008,"December","Just Opaque",2006,2006,1,1.451653155,1.812051146,0,"med_2006","med_2006",16.7062784025,13.559240758,18.9541624342857,20.3250259233333,20.3250259233333,24.4087890989729,24.7594444444444,24.0581337535014
"146","M116",2,"med",2008,"December","Just Opaque",2006,2007,2,1.812051146,NA,1.451653155,"med_2007","med_2007",16.7052226016667,13.7193799,18.8379673885714,20.4790245666667,20.4790245666667,22.3201246588379,21.9875,22.6527493176758
"147","M117",2,"med",2008,"December","Just Opaque",2006,2006,1,1.342522576,1.748712838,0,"med_2006","med_2006",16.7062784025,13.559240758,18.9541624342857,20.3250259233333,20.3250259233333,24.4087890989729,24.7594444444444,24.0581337535014
"148","M117",2,"med",2008,"December","Just Opaque",2006,2007,2,1.748712838,NA,1.342522576,"med_2007","med_2007",16.7052226016667,13.7193799,18.8379673885714,20.4790245666667,20.4790245666667,22.3201246588379,21.9875,22.6527493176758
"149","M118",2,"med",2008,"December","Just Opaque",2006,2006,1,1.487171274,1.893571167,0,"med_2006","med_2006",16.7062784025,13.559240758,18.9541624342857,20.3250259233333,20.3250259233333,24.4087890989729,24.7594444444444,24.0581337535014
"150","M118",2,"med",2008,"December","Just Opaque",2006,2007,2,1.893571167,NA,1.487171274,"med_2007","med_2007",16.7052226016667,13.7193799,18.8379673885714,20.4790245666667,20.4790245666667,22.3201246588379,21.9875,22.6527493176758
"151","M119",2,"med",2008,"December","Just Opaque",2006,2006,1,1.439637741,2.008296372,0,"med_2006","med_2006",16.7062784025,13.559240758,18.9541624342857,20.3250259233333,20.3250259233333,24.4087890989729,24.7594444444444,24.0581337535014
"152","M119",2,"med",2008,"December","Just Opaque",2006,2007,2,2.008296372,NA,1.439637741,"med_2007","med_2007",16.7052226016667,13.7193799,18.8379673885714,20.4790245666667,20.4790245666667,22.3201246588379,21.9875,22.6527493176758
"153","M120",1,"med",2008,"December","Translucent",2007,2007,1,1.600175946,NA,0,"med_2007","med_2007",16.7052226016667,13.7193799,18.8379673885714,20.4790245666667,20.4790245666667,22.3201246588379,21.9875,22.6527493176758
"154","M121",2,"med",2008,"December","Just Opaque",2006,2006,1,1.606520453,1.954742664,0,"med_2006","med_2006",16.7062784025,13.559240758,18.9541624342857,20.3250259233333,20.3250259233333,24.4087890989729,24.7594444444444,24.0581337535014
"155","M121",2,"med",2008,"December","Just Opaque",2006,2007,2,1.954742664,NA,1.606520453,"med_2007","med_2007",16.7052226016667,13.7193799,18.8379673885714,20.4790245666667,20.4790245666667,22.3201246588379,21.9875,22.6527493176758
"156","M122",2,"med",2008,"December","Just Opaque",2006,2006,1,1.431775335,1.901020513,0,"med_2006","med_2006",16.7062784025,13.559240758,18.9541624342857,20.3250259233333,20.3250259233333,24.4087890989729,24.7594444444444,24.0581337535014
"157","M122",2,"med",2008,"December","Just Opaque",2006,2007,2,1.901020513,NA,1.431775335,"med_2007","med_2007",16.7052226016667,13.7193799,18.8379673885714,20.4790245666667,20.4790245666667,22.3201246588379,21.9875,22.6527493176758
"158","M123",3,"med",2008,"October","Just Opaque",2005,2005,1,1.754822185,2.165802275,0,"med_2005","med_2005",16.51457726,13.48520655,18.6784134814286,20.54485515,20.54485515,23.4721289862099,24.12,22.8242579724197
"159","M123",3,"med",2008,"October","Just Opaque",2005,2006,2,2.165802275,2.418134473,1.754822185,"med_2006","med_2006",16.7062784025,13.559240758,18.9541624342857,20.3250259233333,20.3250259233333,24.4087890989729,24.7594444444444,24.0581337535014
"160","M123",3,"med",2008,"October","Just Opaque",2005,2007,3,2.418134473,NA,2.165802275,"med_2007","med_2007",16.7052226016667,13.7193799,18.8379673885714,20.4790245666667,20.4790245666667,22.3201246588379,21.9875,22.6527493176758
"161","M124",3,"med",2008,"October","Just Opaque",2005,2005,1,1.556574876,1.897801561,0,"med_2005","med_2005",16.51457726,13.48520655,18.6784134814286,20.54485515,20.54485515,23.4721289862099,24.12,22.8242579724197
"162","M124",3,"med",2008,"October","Just Opaque",2005,2006,2,1.897801561,2.072676347,1.556574876,"med_2006","med_2006",16.7062784025,13.559240758,18.9541624342857,20.3250259233333,20.3250259233333,24.4087890989729,24.7594444444444,24.0581337535014
"163","M124",3,"med",2008,"October","Just Opaque",2005,2007,3,2.072676347,NA,1.897801561,"med_2007","med_2007",16.7052226016667,13.7193799,18.8379673885714,20.4790245666667,20.4790245666667,22.3201246588379,21.9875,22.6527493176758
"164","M125",3,"med",2008,"October","Just Opaque",2005,2005,1,1.511777251,1.869509847,0,"med_2005","med_2005",16.51457726,13.48520655,18.6784134814286,20.54485515,20.54485515,23.4721289862099,24.12,22.8242579724197
"165","M125",3,"med",2008,"October","Just Opaque",2005,2006,2,1.869509847,2.064116848,1.511777251,"med_2006","med_2006",16.7062784025,13.559240758,18.9541624342857,20.3250259233333,20.3250259233333,24.4087890989729,24.7594444444444,24.0581337535014
"166","M125",3,"med",2008,"October","Just Opaque",2005,2007,3,2.064116848,NA,1.869509847,"med_2007","med_2007",16.7052226016667,13.7193799,18.8379673885714,20.4790245666667,20.4790245666667,22.3201246588379,21.9875,22.6527493176758
"167","M126",2,"med",2008,"March","Opaque",2006,2006,1,1.596474572,1.969056369,0,"med_2006","med_2006",16.7062784025,13.559240758,18.9541624342857,20.3250259233333,20.3250259233333,24.4087890989729,24.7594444444444,24.0581337535014
"168","M126",2,"med",2008,"March","Opaque",2006,2007,2,1.969056369,NA,1.596474572,"med_2007","med_2007",16.7052226016667,13.7193799,18.8379673885714,20.4790245666667,20.4790245666667,22.3201246588379,21.9875,22.6527493176758
"169","M130",2,"med",2008,"March","Opaque",2006,2006,1,1.631933986,2.063828296,0,"med_2006","med_2006",16.7062784025,13.559240758,18.9541624342857,20.3250259233333,20.3250259233333,24.4087890989729,24.7594444444444,24.0581337535014
"170","M130",2,"med",2008,"March","Opaque",2006,2007,2,2.063828296,NA,1.631933986,"med_2007","med_2007",16.7052226016667,13.7193799,18.8379673885714,20.4790245666667,20.4790245666667,22.3201246588379,21.9875,22.6527493176758
"171","M131",2,"med",2008,"March","Opaque",2006,2006,1,1.693727404,2.095111218,0,"med_2006","med_2006",16.7062784025,13.559240758,18.9541624342857,20.3250259233333,20.3250259233333,24.4087890989729,24.7594444444444,24.0581337535014
"172","M131",2,"med",2008,"March","Opaque",2006,2007,2,2.095111218,NA,1.693727404,"med_2007","med_2007",16.7052226016667,13.7193799,18.8379673885714,20.4790245666667,20.4790245666667,22.3201246588379,21.9875,22.6527493176758
"173","M132",3,"med",2008,"March","Opaque",2005,2005,1,1.281762589,1.72819488,0,"med_2005","med_2005",16.51457726,13.48520655,18.6784134814286,20.54485515,20.54485515,23.4721289862099,24.12,22.8242579724197
"174","M132",3,"med",2008,"March","Opaque",2005,2006,2,1.72819488,2.035756039,1.281762589,"med_2006","med_2006",16.7062784025,13.559240758,18.9541624342857,20.3250259233333,20.3250259233333,24.4087890989729,24.7594444444444,24.0581337535014
"175","M132",3,"med",2008,"March","Opaque",2005,2007,3,2.035756039,NA,1.72819488,"med_2007","med_2007",16.7052226016667,13.7193799,18.8379673885714,20.4790245666667,20.4790245666667,22.3201246588379,21.9875,22.6527493176758
"176","M135",1,"med",2008,"March","Opaque",2007,2007,1,1.594082214,NA,0,"med_2007","med_2007",16.7052226016667,13.7193799,18.8379673885714,20.4790245666667,20.4790245666667,22.3201246588379,21.9875,22.6527493176758
"177","M136",1,"med",2008,"March","Opaque",2007,2007,1,1.522086981,NA,0,"med_2007","med_2007",16.7052226016667,13.7193799,18.8379673885714,20.4790245666667,20.4790245666667,22.3201246588379,21.9875,22.6527493176758
"178","M137",1,"med",2008,"November","Just Opaque",2007,2007,1,1.670649388,NA,0,"med_2007","med_2007",16.7052226016667,13.7193799,18.8379673885714,20.4790245666667,20.4790245666667,22.3201246588379,21.9875,22.6527493176758
"179","M138",1,"med",2008,"November","Just Opaque",2007,2007,1,1.530477739,NA,0,"med_2007","med_2007",16.7052226016667,13.7193799,18.8379673885714,20.4790245666667,20.4790245666667,22.3201246588379,21.9875,22.6527493176758
"180","M139",1,"med",2008,"November","Just Opaque",2007,2007,1,1.655490634,NA,0,"med_2007","med_2007",16.7052226016667,13.7193799,18.8379673885714,20.4790245666667,20.4790245666667,22.3201246588379,21.9875,22.6527493176758
"181","M141",1,"med",2008,"November","Just Opaque",2007,2007,1,1.610843971,NA,0,"med_2007","med_2007",16.7052226016667,13.7193799,18.8379673885714,20.4790245666667,20.4790245666667,22.3201246588379,21.9875,22.6527493176758
"182","M147",1,"med",2008,"November","Translucent",2007,2007,1,1.331353774,NA,0,"med_2007","med_2007",16.7052226016667,13.7193799,18.8379673885714,20.4790245666667,20.4790245666667,22.3201246588379,21.9875,22.6527493176758
"183","M149",1,"med",2008,"November","Just Opaque",2007,2007,1,1.676312316,NA,0,"med_2007","med_2007",16.7052226016667,13.7193799,18.8379673885714,20.4790245666667,20.4790245666667,22.3201246588379,21.9875,22.6527493176758
"184","M152",1,"med",2008,"November","Just Opaque",2007,2007,1,1.748709652,NA,0,"med_2007","med_2007",16.7052226016667,13.7193799,18.8379673885714,20.4790245666667,20.4790245666667,22.3201246588379,21.9875,22.6527493176758
"185","M153",2,"med",2008,"January","Opaque",2006,2006,1,1.282983956,1.639114853,0,"med_2006","med_2006",16.7062784025,13.559240758,18.9541624342857,20.3250259233333,20.3250259233333,24.4087890989729,24.7594444444444,24.0581337535014
"186","M153",2,"med",2008,"January","Opaque",2006,2007,2,1.639114853,NA,1.282983956,"med_2007","med_2007",16.7052226016667,13.7193799,18.8379673885714,20.4790245666667,20.4790245666667,22.3201246588379,21.9875,22.6527493176758
"187","M154",2,"med",2008,"January","Translucent",2006,2006,1,1.425192149,1.893334563,0,"med_2006","med_2006",16.7062784025,13.559240758,18.9541624342857,20.3250259233333,20.3250259233333,24.4087890989729,24.7594444444444,24.0581337535014
"188","M154",2,"med",2008,"January","Translucent",2006,2007,2,1.893334563,NA,1.425192149,"med_2007","med_2007",16.7052226016667,13.7193799,18.8379673885714,20.4790245666667,20.4790245666667,22.3201246588379,21.9875,22.6527493176758
"189","M155",2,"med",2008,"January","Opaque",2006,2006,1,1.429435697,1.851798999,0,"med_2006","med_2006",16.7062784025,13.559240758,18.9541624342857,20.3250259233333,20.3250259233333,24.4087890989729,24.7594444444444,24.0581337535014
"190","M155",2,"med",2008,"January","Opaque",2006,2007,2,1.851798999,NA,1.429435697,"med_2007","med_2007",16.7052226016667,13.7193799,18.8379673885714,20.4790245666667,20.4790245666667,22.3201246588379,21.9875,22.6527493176758
"191","M156",2,"med",2008,"January","Opaque",2006,2006,1,1.48410834,1.826314416,0,"med_2006","med_2006",16.7062784025,13.559240758,18.9541624342857,20.3250259233333,20.3250259233333,24.4087890989729,24.7594444444444,24.0581337535014
"192","M156",2,"med",2008,"January","Opaque",2006,2007,2,1.826314416,NA,1.48410834,"med_2007","med_2007",16.7052226016667,13.7193799,18.8379673885714,20.4790245666667,20.4790245666667,22.3201246588379,21.9875,22.6527493176758
"193","M157",2,"med",2008,"January","Opaque",2006,2006,1,1.468016776,1.808948674,0,"med_2006","med_2006",16.7062784025,13.559240758,18.9541624342857,20.3250259233333,20.3250259233333,24.4087890989729,24.7594444444444,24.0581337535014
"194","M157",2,"med",2008,"January","Opaque",2006,2007,2,1.808948674,NA,1.468016776,"med_2007","med_2007",16.7052226016667,13.7193799,18.8379673885714,20.4790245666667,20.4790245666667,22.3201246588379,21.9875,22.6527493176758
"195","M159",2,"med",2008,"January","Opaque",2006,2006,1,1.332161373,1.739946699,0,"med_2006","med_2006",16.7062784025,13.559240758,18.9541624342857,20.3250259233333,20.3250259233333,24.4087890989729,24.7594444444444,24.0581337535014
"196","M159",2,"med",2008,"January","Opaque",2006,2007,2,1.739946699,NA,1.332161373,"med_2007","med_2007",16.7052226016667,13.7193799,18.8379673885714,20.4790245666667,20.4790245666667,22.3201246588379,21.9875,22.6527493176758
"197","M162",2,"med",2008,"January","Opaque",2006,2006,1,1.299267245,1.814616255,0,"med_2006","med_2006",16.7062784025,13.559240758,18.9541624342857,20.3250259233333,20.3250259233333,24.4087890989729,24.7594444444444,24.0581337535014
"198","M162",2,"med",2008,"January","Opaque",2006,2007,2,1.814616255,NA,1.299267245,"med_2007","med_2007",16.7052226016667,13.7193799,18.8379673885714,20.4790245666667,20.4790245666667,22.3201246588379,21.9875,22.6527493176758
"199","M164",2,"med",2008,"January","Opaque",2006,2006,1,1.464607841,1.808150272,0,"med_2006","med_2006",16.7062784025,13.559240758,18.9541624342857,20.3250259233333,20.3250259233333,24.4087890989729,24.7594444444444,24.0581337535014
"200","M164",2,"med",2008,"January","Opaque",2006,2007,2,1.808150272,NA,1.464607841,"med_2007","med_2007",16.7052226016667,13.7193799,18.8379673885714,20.4790245666667,20.4790245666667,22.3201246588379,21.9875,22.6527493176758
"201","M165",2,"med",2008,"January","Opaque",2006,2006,1,1.606908945,1.865261267,0,"med_2006","med_2006",16.7062784025,13.559240758,18.9541624342857,20.3250259233333,20.3250259233333,24.4087890989729,24.7594444444444,24.0581337535014
"202","M165",2,"med",2008,"January","Opaque",2006,2007,2,1.865261267,NA,1.606908945,"med_2007","med_2007",16.7052226016667,13.7193799,18.8379673885714,20.4790245666667,20.4790245666667,22.3201246588379,21.9875,22.6527493176758
"203","M179",2,"med",2011,"February","Just Opaque",2009,2009,1,1.51452157,1.930836477,0,"med_2009","med_2009",16.7426898816667,13.354949228,19.1625046342857,21.03980054,21.03980054,24.4477394568939,24.7416666666667,24.1538122471211
"204","M179",2,"med",2011,"February","Just Opaque",2009,2010,2,1.930836477,NA,1.51452157,"med_2010","med_2010",16.4503219225,13.281026028,18.7141047042857,20.44890338,20.44890338,22.7469297823296,22.7201851851852,22.773674379474
"205","M180",2,"med",2011,"March","Just Opaque",2009,2009,1,1.612739085,1.973470514,0,"med_2009","med_2009",16.7426898816667,13.354949228,19.1625046342857,21.03980054,21.03980054,24.4477394568939,24.7416666666667,24.1538122471211
"206","M180",2,"med",2011,"March","Just Opaque",2009,2010,2,1.973470514,NA,1.612739085,"med_2010","med_2010",16.4503219225,13.281026028,18.7141047042857,20.44890338,20.44890338,22.7469297823296,22.7201851851852,22.773674379474
"207","M181",2,"med",2011,"April","Opaque",2009,2009,1,1.393345081,1.799970228,0,"med_2009","med_2009",16.7426898816667,13.354949228,19.1625046342857,21.03980054,21.03980054,24.4477394568939,24.7416666666667,24.1538122471211
"208","M181",2,"med",2011,"April","Opaque",2009,2010,2,1.799970228,NA,1.393345081,"med_2010","med_2010",16.4503219225,13.281026028,18.7141047042857,20.44890338,20.44890338,22.7469297823296,22.7201851851852,22.773674379474
"209","M182",2,"med",2011,"May","Translucent ",2009,2009,1,1.177118949,1.6429779,0,"med_2009","med_2009",16.7426898816667,13.354949228,19.1625046342857,21.03980054,21.03980054,24.4477394568939,24.7416666666667,24.1538122471211
"210","M182",2,"med",2011,"May","Translucent ",2009,2010,2,1.6429779,NA,1.177118949,"med_2010","med_2010",16.4503219225,13.281026028,18.7141047042857,20.44890338,20.44890338,22.7469297823296,22.7201851851852,22.773674379474
"211","M183",2,"med",2011,"June","Translucent ",2009,2009,1,1.476107232,1.799104231,0,"med_2009","med_2009",16.7426898816667,13.354949228,19.1625046342857,21.03980054,21.03980054,24.4477394568939,24.7416666666667,24.1538122471211
"212","M183",2,"med",2011,"June","Translucent ",2009,2010,2,1.799104231,NA,1.476107232,"med_2010","med_2010",16.4503219225,13.281026028,18.7141047042857,20.44890338,20.44890338,22.7469297823296,22.7201851851852,22.773674379474
"213","M184",3,"med",2011,"May","Opaque",2008,2008,1,1.341128471,1.81951999,0,"med_2008","med_2008",16.546388265,13.46769182,18.7454571542857,20.1996657633333,20.1996657633333,22.5163688000453,22.3351851851852,22.6975524149054
"214","M184",3,"med",2011,"May","Opaque",2008,2009,2,1.81951999,2.10189042,1.341128471,"med_2009","med_2009",16.7426898816667,13.354949228,19.1625046342857,21.03980054,21.03980054,24.4477394568939,24.7416666666667,24.1538122471211
"215","M184",3,"med",2011,"May","Opaque",2008,2010,3,2.10189042,NA,1.81951999,"med_2010","med_2010",16.4503219225,13.281026028,18.7141047042857,20.44890338,20.44890338,22.7469297823296,22.7201851851852,22.773674379474
"216","M185",4,"med",2012,"June","Translucent ",2007,2007,1,1.358,1.779,0,"med_2007","med_2007",16.7052226016667,13.7193799,18.8379673885714,20.4790245666667,20.4790245666667,22.3201246588379,21.9875,22.6527493176758
"217","M185",4,"med",2012,"June","Translucent ",2007,2008,2,1.779,2.068,1.358,"med_2008","med_2008",16.546388265,13.46769182,18.7454571542857,20.1996657633333,20.1996657633333,22.5163688000453,22.3351851851852,22.6975524149054
"218","M185",4,"med",2012,"June","Translucent ",2007,2009,3,2.068,2.281,1.779,"med_2009","med_2009",16.7426898816667,13.354949228,19.1625046342857,21.03980054,21.03980054,24.4477394568939,24.7416666666667,24.1538122471211
"219","M185",4,"med",2012,"June","Translucent ",2007,2010,4,2.281,NA,2.068,"med_2010","med_2010",16.4503219225,13.281026028,18.7141047042857,20.44890338,20.44890338,22.7469297823296,22.7201851851852,22.773674379474
"220","M186",1,"med",2011,"August","Translucent ",2010,2010,1,1.535440704,NA,0,"med_2010","med_2010",16.4503219225,13.281026028,18.7141047042857,20.44890338,20.44890338,22.7469297823296,22.7201851851852,22.773674379474
"221","M187",2,"med",2011,"August","Unsure",2009,2009,1,1.554768753,1.871381343,0,"med_2009","med_2009",16.7426898816667,13.354949228,19.1625046342857,21.03980054,21.03980054,24.4477394568939,24.7416666666667,24.1538122471211
"222","M187",2,"med",2011,"August","Unsure",2009,2010,2,1.871381343,NA,1.554768753,"med_2010","med_2010",16.4503219225,13.281026028,18.7141047042857,20.44890338,20.44890338,22.7469297823296,22.7201851851852,22.773674379474
"223","M188",1,"med",2011,"August","Translucent ",2010,2010,1,1.413689825,NA,0,"med_2010","med_2010",16.4503219225,13.281026028,18.7141047042857,20.44890338,20.44890338,22.7469297823296,22.7201851851852,22.773674379474
"224","M189",1,"med",2011,"August","Translucent ",2010,2010,1,1.519333416,NA,0,"med_2010","med_2010",16.4503219225,13.281026028,18.7141047042857,20.44890338,20.44890338,22.7469297823296,22.7201851851852,22.773674379474
"225","M190",1,"med",2011,"August","Translucent ",2010,2010,1,1.35086743,NA,0,"med_2010","med_2010",16.4503219225,13.281026028,18.7141047042857,20.44890338,20.44890338,22.7469297823296,22.7201851851852,22.773674379474
"226","M191",1,"med",2011,"September","Translucent ",2010,2010,1,1.359414101,NA,0,"med_2010","med_2010",16.4503219225,13.281026028,18.7141047042857,20.44890338,20.44890338,22.7469297823296,22.7201851851852,22.773674379474
"227","M192",1,"med",2011,"September","Translucent ",2010,2010,1,1.572724733,NA,0,"med_2010","med_2010",16.4503219225,13.281026028,18.7141047042857,20.44890338,20.44890338,22.7469297823296,22.7201851851852,22.773674379474
"228","M193",2,"med",2011,"April","Translucent ",2009,2009,1,1.399254579,1.823021065,0,"med_2009","med_2009",16.7426898816667,13.354949228,19.1625046342857,21.03980054,21.03980054,24.4477394568939,24.7416666666667,24.1538122471211
"229","M193",2,"med",2011,"April","Translucent ",2009,2010,2,1.823021065,NA,1.399254579,"med_2010","med_2010",16.4503219225,13.281026028,18.7141047042857,20.44890338,20.44890338,22.7469297823296,22.7201851851852,22.773674379474
"230","M194",2,"med",2011,"April","Unsure",2009,2009,1,1.501413801,1.973419623,0,"med_2009","med_2009",16.7426898816667,13.354949228,19.1625046342857,21.03980054,21.03980054,24.4477394568939,24.7416666666667,24.1538122471211
"231","M194",2,"med",2011,"April","Unsure",2009,2010,2,1.973419623,NA,1.501413801,"med_2010","med_2010",16.4503219225,13.281026028,18.7141047042857,20.44890338,20.44890338,22.7469297823296,22.7201851851852,22.773674379474
"232","M195",2,"med",2011,"May","Unsure",2009,2009,1,1.500706174,1.914728521,0,"med_2009","med_2009",16.7426898816667,13.354949228,19.1625046342857,21.03980054,21.03980054,24.4477394568939,24.7416666666667,24.1538122471211
"233","M195",2,"med",2011,"May","Unsure",2009,2010,2,1.914728521,NA,1.500706174,"med_2010","med_2010",16.4503219225,13.281026028,18.7141047042857,20.44890338,20.44890338,22.7469297823296,22.7201851851852,22.773674379474
"234","M196",4,"med",2011,"May","Translucent ",2007,2007,1,1.254604839,1.672721382,0,"med_2007","med_2007",16.7052226016667,13.7193799,18.8379673885714,20.4790245666667,20.4790245666667,22.3201246588379,21.9875,22.6527493176758
"235","M196",4,"med",2011,"May","Translucent ",2007,2008,2,1.672721382,1.924252277,1.254604839,"med_2008","med_2008",16.546388265,13.46769182,18.7454571542857,20.1996657633333,20.1996657633333,22.5163688000453,22.3351851851852,22.6975524149054
"236","M196",4,"med",2011,"May","Translucent ",2007,2009,3,1.924252277,2.045203232,1.672721382,"med_2009","med_2009",16.7426898816667,13.354949228,19.1625046342857,21.03980054,21.03980054,24.4477394568939,24.7416666666667,24.1538122471211
"237","M196",4,"med",2011,"May","Translucent ",2007,2010,4,2.045203232,NA,1.924252277,"med_2010","med_2010",16.4503219225,13.281026028,18.7141047042857,20.44890338,20.44890338,22.7469297823296,22.7201851851852,22.773674379474
"238","M197",2,"med",2011,"June","Translucent ",2009,2009,1,1.444658787,1.850382392,0,"med_2009","med_2009",16.7426898816667,13.354949228,19.1625046342857,21.03980054,21.03980054,24.4477394568939,24.7416666666667,24.1538122471211
"239","M197",2,"med",2011,"June","Translucent ",2009,2010,2,1.850382392,NA,1.444658787,"med_2010","med_2010",16.4503219225,13.281026028,18.7141047042857,20.44890338,20.44890338,22.7469297823296,22.7201851851852,22.773674379474
"240","M198",2,"med",2011,"June","Translucent ",2009,2009,1,1.368071447,1.650061421,0,"med_2009","med_2009",16.7426898816667,13.354949228,19.1625046342857,21.03980054,21.03980054,24.4477394568939,24.7416666666667,24.1538122471211
"241","M198",2,"med",2011,"June","Translucent ",2009,2010,2,1.650061421,NA,1.368071447,"med_2010","med_2010",16.4503219225,13.281026028,18.7141047042857,20.44890338,20.44890338,22.7469297823296,22.7201851851852,22.773674379474
"242","M199",2,"med",2011,"May","Unsure",2009,2009,1,1.583944167,1.854512965,0,"med_2009","med_2009",16.7426898816667,13.354949228,19.1625046342857,21.03980054,21.03980054,24.4477394568939,24.7416666666667,24.1538122471211
"243","M199",2,"med",2011,"May","Unsure",2009,2010,2,1.854512965,NA,1.583944167,"med_2010","med_2010",16.4503219225,13.281026028,18.7141047042857,20.44890338,20.44890338,22.7469297823296,22.7201851851852,22.773674379474
"244","M200",2,"med",2011,"May","Translucent ",2009,2009,1,1.376362111,1.769637081,0,"med_2009","med_2009",16.7426898816667,13.354949228,19.1625046342857,21.03980054,21.03980054,24.4477394568939,24.7416666666667,24.1538122471211
"245","M200",2,"med",2011,"May","Translucent ",2009,2010,2,1.769637081,NA,1.376362111,"med_2010","med_2010",16.4503219225,13.281026028,18.7141047042857,20.44890338,20.44890338,22.7469297823296,22.7201851851852,22.773674379474
"246","M201",3,"med",2011,"April","Just Opaque",2008,2008,1,1.502095219,1.94641498,0,"med_2008","med_2008",16.546388265,13.46769182,18.7454571542857,20.1996657633333,20.1996657633333,22.5163688000453,22.3351851851852,22.6975524149054
"247","M201",3,"med",2011,"April","Just Opaque",2008,2009,2,1.94641498,2.090261284,1.502095219,"med_2009","med_2009",16.7426898816667,13.354949228,19.1625046342857,21.03980054,21.03980054,24.4477394568939,24.7416666666667,24.1538122471211
"248","M201",3,"med",2011,"April","Just Opaque",2008,2010,3,2.090261284,NA,1.94641498,"med_2010","med_2010",16.4503219225,13.281026028,18.7141047042857,20.44890338,20.44890338,22.7469297823296,22.7201851851852,22.773674379474
"249","M202",2,"med",2011,"October","Translucent ",2009,2009,1,1.372284173,1.865179477,0,"med_2009","med_2009",16.7426898816667,13.354949228,19.1625046342857,21.03980054,21.03980054,24.4477394568939,24.7416666666667,24.1538122471211
"250","M202",2,"med",2011,"October","Translucent ",2009,2010,2,1.865179477,NA,1.372284173,"med_2010","med_2010",16.4503219225,13.281026028,18.7141047042857,20.44890338,20.44890338,22.7469297823296,22.7201851851852,22.773674379474
"251","M203",3,"med",2011,"October","Translucent ",2008,2008,1,1.452788733,1.900155805,0,"med_2008","med_2008",16.546388265,13.46769182,18.7454571542857,20.1996657633333,20.1996657633333,22.5163688000453,22.3351851851852,22.6975524149054
"252","M203",3,"med",2011,"October","Translucent ",2008,2009,2,1.900155805,2.099151135,1.452788733,"med_2009","med_2009",16.7426898816667,13.354949228,19.1625046342857,21.03980054,21.03980054,24.4477394568939,24.7416666666667,24.1538122471211
"253","M203",3,"med",2011,"October","Translucent ",2008,2010,3,2.099151135,NA,1.900155805,"med_2010","med_2010",16.4503219225,13.281026028,18.7141047042857,20.44890338,20.44890338,22.7469297823296,22.7201851851852,22.773674379474
"254","M204",4,"med",2011,"March","Unsure",2007,2007,1,1.309345083,1.633928736,0,"med_2007","med_2007",16.7052226016667,13.7193799,18.8379673885714,20.4790245666667,20.4790245666667,22.3201246588379,21.9875,22.6527493176758
"255","M204",4,"med",2011,"March","Unsure",2007,2008,2,1.633928736,1.948899075,1.309345083,"med_2008","med_2008",16.546388265,13.46769182,18.7454571542857,20.1996657633333,20.1996657633333,22.5163688000453,22.3351851851852,22.6975524149054
"256","M204",4,"med",2011,"March","Unsure",2007,2009,3,1.948899075,2.128728649,1.633928736,"med_2009","med_2009",16.7426898816667,13.354949228,19.1625046342857,21.03980054,21.03980054,24.4477394568939,24.7416666666667,24.1538122471211
"257","M204",4,"med",2011,"March","Unsure",2007,2010,4,2.128728649,NA,1.948899075,"med_2010","med_2010",16.4503219225,13.281026028,18.7141047042857,20.44890338,20.44890338,22.7469297823296,22.7201851851852,22.773674379474
"258","M205",3,"med",2011,"March","Unsure",2008,2008,1,1.595377828,1.905871918,0,"med_2008","med_2008",16.546388265,13.46769182,18.7454571542857,20.1996657633333,20.1996657633333,22.5163688000453,22.3351851851852,22.6975524149054
"259","M205",3,"med",2011,"March","Unsure",2008,2009,2,1.905871918,2.142696496,1.595377828,"med_2009","med_2009",16.7426898816667,13.354949228,19.1625046342857,21.03980054,21.03980054,24.4477394568939,24.7416666666667,24.1538122471211
"260","M205",3,"med",2011,"March","Unsure",2008,2010,3,2.142696496,NA,1.905871918,"med_2010","med_2010",16.4503219225,13.281026028,18.7141047042857,20.44890338,20.44890338,22.7469297823296,22.7201851851852,22.773674379474
"261","M206",3,"med",2011,"March","Unsure",2008,2008,1,1.511663193,1.940459497,0,"med_2008","med_2008",16.546388265,13.46769182,18.7454571542857,20.1996657633333,20.1996657633333,22.5163688000453,22.3351851851852,22.6975524149054
"262","M206",3,"med",2011,"March","Unsure",2008,2009,2,1.940459497,2.131366333,1.511663193,"med_2009","med_2009",16.7426898816667,13.354949228,19.1625046342857,21.03980054,21.03980054,24.4477394568939,24.7416666666667,24.1538122471211
"263","M206",3,"med",2011,"March","Unsure",2008,2010,3,2.131366333,NA,1.940459497,"med_2010","med_2010",16.4503219225,13.281026028,18.7141047042857,20.44890338,20.44890338,22.7469297823296,22.7201851851852,22.773674379474
"264","M207",3,"med",2011,"March","Unsure",2008,2008,1,1.439441317,1.861813061,0,"med_2008","med_2008",16.546388265,13.46769182,18.7454571542857,20.1996657633333,20.1996657633333,22.5163688000453,22.3351851851852,22.6975524149054
"265","M207",3,"med",2011,"March","Unsure",2008,2009,2,1.861813061,1.998007101,1.439441317,"med_2009","med_2009",16.7426898816667,13.354949228,19.1625046342857,21.03980054,21.03980054,24.4477394568939,24.7416666666667,24.1538122471211
"266","M207",3,"med",2011,"March","Unsure",2008,2010,3,1.998007101,NA,1.861813061,"med_2010","med_2010",16.4503219225,13.281026028,18.7141047042857,20.44890338,20.44890338,22.7469297823296,22.7201851851852,22.773674379474
"267","M208",1,"med",2012,"July","Translucent ",2011,2011,1,1.581494106,NA,0,"med_2011","med_2011",16.9004430683333,13.784400248,19.12618794,20.3925479133333,20.3925479133333,23.1824517584812,23.5541666666667,22.8107368502957
"268","M209",2,"med",2012,"July","Translucent ",2010,2010,1,1.339658701,1.69455756,0,"med_2010","med_2010",16.4503219225,13.281026028,18.7141047042857,20.44890338,20.44890338,22.7469297823296,22.7201851851852,22.773674379474
"269","M209",2,"med",2012,"July","Translucent ",2010,2011,2,1.69455756,NA,1.339658701,"med_2011","med_2011",16.9004430683333,13.784400248,19.12618794,20.3925479133333,20.3925479133333,23.1824517584812,23.5541666666667,22.8107368502957
"270","Ma314",1,"mauguio",2011,"May","Translucent ",2011,2011,1,1.376273535,NA,0,"med_2011","mauguio_2011",16.9004430683333,13.784400248,19.12618794,20.3925479133333,24.0222222222222,23.1824517584812,23.5541666666667,22.8107368502957
"271","Ma318",1,"mauguio",2011,"May","Translucent ",2010,2010,1,1.331624837,NA,0,"med_2010","mauguio_2010",16.4503219225,13.281026028,18.7141047042857,20.44890338,22.7111111111111,22.7469297823296,22.7201851851852,22.773674379474
"272","Ma322",2,"mauguio",2011,"May","Unsure",2009,2009,1,1.398453087,1.701816046,0,"med_2009","mauguio_2009",16.7426898816667,13.354949228,19.1625046342857,21.03980054,25.2555555555556,24.4477394568939,24.7416666666667,24.1538122471211
"273","Ma322",2,"mauguio",2011,"May","Unsure",2009,2010,2,1.701816046,NA,1.398453087,"med_2010","mauguio_2010",16.4503219225,13.281026028,18.7141047042857,20.44890338,22.7111111111111,22.7469297823296,22.7201851851852,22.773674379474
"274","S067",2,"salses",2010,"October","Translucent ",2008,2008,1,1.250581594,1.714017732,0,"med_2008","salses_2008",16.546388265,13.46769182,18.7454571542857,20.1996657633333,23.1183261183261,22.5163688000453,22.3351851851852,22.6975524149054
"275","S067",2,"salses",2010,"October","Translucent ",2008,2009,2,1.714017732,NA,1.250581594,"med_2009","salses_2009",16.7426898816667,13.354949228,19.1625046342857,21.03980054,23.5430555555556,24.4477394568939,24.7416666666667,24.1538122471211
"276","S068",3,"salses",2010,"October","Translucent ",2007,2007,1,1.157159868,1.65552332,0,"med_2007","salses_2007",16.7052226016667,13.7193799,18.8379673885714,20.4790245666667,22.6225854700855,22.3201246588379,21.9875,22.6527493176758
"277","S068",3,"salses",2010,"October","Translucent ",2007,2008,2,1.65552332,1.983359102,1.157159868,"med_2008","salses_2008",16.546388265,13.46769182,18.7454571542857,20.1996657633333,23.1183261183261,22.5163688000453,22.3351851851852,22.6975524149054
"278","S068",3,"salses",2010,"October","Translucent ",2007,2009,3,1.983359102,NA,1.65552332,"med_2009","salses_2009",16.7426898816667,13.354949228,19.1625046342857,21.03980054,23.5430555555556,24.4477394568939,24.7416666666667,24.1538122471211
"279","S069",3,"salses",2010,"October","Translucent ",2006,2006,1,1.658626575,2.099488075,0,"med_2006","salses_2006",16.7062784025,13.559240758,18.9541624342857,20.3250259233333,23.4669444444444,24.4087890989729,24.7594444444444,24.0581337535014
"280","S069",3,"salses",2010,"October","Translucent ",2006,2007,2,2.099488075,2.361291864,1.658626575,"med_2007","salses_2007",16.7052226016667,13.7193799,18.8379673885714,20.4790245666667,22.6225854700855,22.3201246588379,21.9875,22.6527493176758
"281","S069",3,"salses",2010,"October","Translucent ",2006,2008,3,2.361291864,NA,2.099488075,"med_2008","salses_2008",16.546388265,13.46769182,18.7454571542857,20.1996657633333,23.1183261183261,22.5163688000453,22.3351851851852,22.6975524149054
"282","S070",3,"salses",2010,"October","Translucent ",2007,2007,1,1.395490262,1.880649667,0,"med_2007","salses_2007",16.7052226016667,13.7193799,18.8379673885714,20.4790245666667,22.6225854700855,22.3201246588379,21.9875,22.6527493176758
"283","S070",3,"salses",2010,"October","Translucent ",2007,2008,2,1.880649667,2.110368981,1.395490262,"med_2008","salses_2008",16.546388265,13.46769182,18.7454571542857,20.1996657633333,23.1183261183261,22.5163688000453,22.3351851851852,22.6975524149054
"284","S070",3,"salses",2010,"October","Translucent ",2007,2009,3,2.110368981,NA,1.880649667,"med_2009","salses_2009",16.7426898816667,13.354949228,19.1625046342857,21.03980054,23.5430555555556,24.4477394568939,24.7416666666667,24.1538122471211
"285","S071",4,"salses",2010,"October","Translucent ",2006,2006,1,1.626100615,2.063631503,0,"med_2006","salses_2006",16.7062784025,13.559240758,18.9541624342857,20.3250259233333,23.4669444444444,24.4087890989729,24.7594444444444,24.0581337535014
"286","S071",4,"salses",2010,"October","Translucent ",2006,2007,2,2.063631503,2.271123107,1.626100615,"med_2007","salses_2007",16.7052226016667,13.7193799,18.8379673885714,20.4790245666667,22.6225854700855,22.3201246588379,21.9875,22.6527493176758
"287","S071",4,"salses",2010,"October","Translucent ",2006,2008,3,2.271123107,2.470813119,2.063631503,"med_2008","salses_2008",16.546388265,13.46769182,18.7454571542857,20.1996657633333,23.1183261183261,22.5163688000453,22.3351851851852,22.6975524149054
"288","S071",4,"salses",2010,"October","Translucent ",2006,2009,4,2.470813119,NA,2.271123107,"med_2009","salses_2009",16.7426898816667,13.354949228,19.1625046342857,21.03980054,23.5430555555556,24.4477394568939,24.7416666666667,24.1538122471211
"289","S121",1,"salses",2011,"October","Translucent ",2010,2010,1,1.325636118,NA,0,"med_2010","salses_2010",16.4503219225,13.281026028,18.7141047042857,20.44890338,21.7390740740741,22.7469297823296,22.7201851851852,22.773674379474
"290","S122",1,"salses",2011,"October","Translucent ",2010,2010,1,1.188008649,NA,0,"med_2010","salses_2010",16.4503219225,13.281026028,18.7141047042857,20.44890338,21.7390740740741,22.7469297823296,22.7201851851852,22.773674379474
"291","S123",1,"salses",2011,"October","Translucent ",2010,2010,1,1.227671006,NA,0,"med_2010","salses_2010",16.4503219225,13.281026028,18.7141047042857,20.44890338,21.7390740740741,22.7469297823296,22.7201851851852,22.773674379474
"292","S124",1,"salses",2011,"October","Translucent ",2010,2010,1,1.181237987,NA,0,"med_2010","salses_2010",16.4503219225,13.281026028,18.7141047042857,20.44890338,21.7390740740741,22.7469297823296,22.7201851851852,22.773674379474
"293","S125",1,"salses",2011,"October","Translucent ",2010,2010,1,1.16295397,NA,0,"med_2010","salses_2010",16.4503219225,13.281026028,18.7141047042857,20.44890338,21.7390740740741,22.7469297823296,22.7201851851852,22.773674379474
"294","S126",1,"salses",2011,"October","Translucent ",2010,2010,1,1.214132049,NA,0,"med_2010","salses_2010",16.4503219225,13.281026028,18.7141047042857,20.44890338,21.7390740740741,22.7469297823296,22.7201851851852,22.773674379474
"295","S220",2,"salses",2011,"October","Translucent ",2009,2009,1,1.535044988,1.846103499,0,"med_2009","salses_2009",16.7426898816667,13.354949228,19.1625046342857,21.03980054,23.5430555555556,24.4477394568939,24.7416666666667,24.1538122471211
"296","S220",2,"salses",2011,"October","Translucent ",2009,2010,2,1.846103499,NA,1.535044988,"med_2010","salses_2010",16.4503219225,13.281026028,18.7141047042857,20.44890338,21.7390740740741,22.7469297823296,22.7201851851852,22.773674379474
"297","S221",3,"salses",2011,"October","Translucent ",2008,2008,1,1.30550428,1.718286615,0,"med_2008","salses_2008",16.546388265,13.46769182,18.7454571542857,20.1996657633333,23.1183261183261,22.5163688000453,22.3351851851852,22.6975524149054
"298","S221",3,"salses",2011,"October","Translucent ",2008,2009,2,1.718286615,1.958320666,1.30550428,"med_2009","salses_2009",16.7426898816667,13.354949228,19.1625046342857,21.03980054,23.5430555555556,24.4477394568939,24.7416666666667,24.1538122471211
"299","S221",3,"salses",2011,"October","Translucent ",2008,2010,3,1.958320666,NA,1.718286615,"med_2010","salses_2010",16.4503219225,13.281026028,18.7141047042857,20.44890338,21.7390740740741,22.7469297823296,22.7201851851852,22.773674379474
"300","S222",2,"salses",2011,"October","Translucent ",2009,2009,1,1.281455695,1.684800123,0,"med_2009","salses_2009",16.7426898816667,13.354949228,19.1625046342857,21.03980054,23.5430555555556,24.4477394568939,24.7416666666667,24.1538122471211
"301","S222",2,"salses",2011,"October","Translucent ",2009,2010,2,1.684800123,NA,1.281455695,"med_2010","salses_2010",16.4503219225,13.281026028,18.7141047042857,20.44890338,21.7390740740741,22.7469297823296,22.7201851851852,22.773674379474
"302","S223",2,"salses",2011,"October","Translucent ",2009,2009,1,1.177852695,1.432541559,0,"med_2009","salses_2009",16.7426898816667,13.354949228,19.1625046342857,21.03980054,23.5430555555556,24.4477394568939,24.7416666666667,24.1538122471211
"303","S223",2,"salses",2011,"October","Translucent ",2009,2010,2,1.432541559,NA,1.177852695,"med_2010","salses_2010",16.4503219225,13.281026028,18.7141047042857,20.44890338,21.7390740740741,22.7469297823296,22.7201851851852,22.773674379474
"304","S224",4,"salses",2011,"October","Translucent ",2007,2007,1,1.30764284,1.681083532,0,"med_2007","salses_2007",16.7052226016667,13.7193799,18.8379673885714,20.4790245666667,22.6225854700855,22.3201246588379,21.9875,22.6527493176758
"305","S224",4,"salses",2011,"October","Translucent ",2007,2008,2,1.681083532,2.001419432,1.30764284,"med_2008","salses_2008",16.546388265,13.46769182,18.7454571542857,20.1996657633333,23.1183261183261,22.5163688000453,22.3351851851852,22.6975524149054
"306","S224",4,"salses",2011,"October","Translucent ",2007,2009,3,2.001419432,2.129470392,1.681083532,"med_2009","salses_2009",16.7426898816667,13.354949228,19.1625046342857,21.03980054,23.5430555555556,24.4477394568939,24.7416666666667,24.1538122471211
"307","S224",4,"salses",2011,"October","Translucent ",2007,2010,4,2.129470392,NA,2.001419432,"med_2010","salses_2010",16.4503219225,13.281026028,18.7141047042857,20.44890338,21.7390740740741,22.7469297823296,22.7201851851852,22.773674379474
"308","S225",2,"salses",2011,"October","Translucent ",2009,2009,1,1.408412367,1.846823256,0,"med_2009","salses_2009",16.7426898816667,13.354949228,19.1625046342857,21.03980054,23.5430555555556,24.4477394568939,24.7416666666667,24.1538122471211
"309","S225",2,"salses",2011,"October","Translucent ",2009,2010,2,1.846823256,NA,1.408412367,"med_2010","salses_2010",16.4503219225,13.281026028,18.7141047042857,20.44890338,21.7390740740741,22.7469297823296,22.7201851851852,22.773674379474
"310","S226",2,"salses",2011,"October","Translucent ",2009,2009,1,1.125468717,1.723166709,0,"med_2009","salses_2009",16.7426898816667,13.354949228,19.1625046342857,21.03980054,23.5430555555556,24.4477394568939,24.7416666666667,24.1538122471211
"311","S226",2,"salses",2011,"October","Translucent ",2009,2010,2,1.723166709,NA,1.125468717,"med_2010","salses_2010",16.4503219225,13.281026028,18.7141047042857,20.44890338,21.7390740740741,22.7469297823296,22.7201851851852,22.773674379474
"312","S227",2,"salses",2011,"October","Translucent ",2009,2009,1,1.275487075,1.716755421,0,"med_2009","salses_2009",16.7426898816667,13.354949228,19.1625046342857,21.03980054,23.5430555555556,24.4477394568939,24.7416666666667,24.1538122471211
"313","S227",2,"salses",2011,"October","Translucent ",2009,2010,2,1.716755421,NA,1.275487075,"med_2010","salses_2010",16.4503219225,13.281026028,18.7141047042857,20.44890338,21.7390740740741,22.7469297823296,22.7201851851852,22.773674379474
"314","S228",2,"salses",2011,"April","Unsure",2009,2009,1,1.092414629,1.457038136,0,"med_2009","salses_2009",16.7426898816667,13.354949228,19.1625046342857,21.03980054,23.5430555555556,24.4477394568939,24.7416666666667,24.1538122471211
"315","S228",2,"salses",2011,"April","Unsure",2009,2010,2,1.457038136,NA,1.092414629,"med_2010","salses_2010",16.4503219225,13.281026028,18.7141047042857,20.44890338,21.7390740740741,22.7469297823296,22.7201851851852,22.773674379474
"316","S229",1,"salses",2011,"October","Translucent ",2010,2010,1,1.283337406,NA,0,"med_2010","salses_2010",16.4503219225,13.281026028,18.7141047042857,20.44890338,21.7390740740741,22.7469297823296,22.7201851851852,22.773674379474
"317","S230",1,"salses",2011,"October","Translucent ",2010,2010,1,1.184762065,NA,0,"med_2010","salses_2010",16.4503219225,13.281026028,18.7141047042857,20.44890338,21.7390740740741,22.7469297823296,22.7201851851852,22.773674379474
"318","S231",1,"salses",2011,"October","Translucent ",2010,2010,1,1.329943453,NA,0,"med_2010","salses_2010",16.4503219225,13.281026028,18.7141047042857,20.44890338,21.7390740740741,22.7469297823296,22.7201851851852,22.773674379474
"319","S232",1,"salses",2011,"October","Translucent ",2010,2010,1,1.193254588,NA,0,"med_2010","salses_2010",16.4503219225,13.281026028,18.7141047042857,20.44890338,21.7390740740741,22.7469297823296,22.7201851851852,22.773674379474
"320","S233",1,"salses",2011,"October","Translucent ",2010,2010,1,1.35474091,NA,0,"med_2010","salses_2010",16.4503219225,13.281026028,18.7141047042857,20.44890338,21.7390740740741,22.7469297823296,22.7201851851852,22.773674379474
"321","S235",1,"salses",2011,"October","Translucent ",2010,2010,1,1.26177769,NA,0,"med_2010","salses_2010",16.4503219225,13.281026028,18.7141047042857,20.44890338,21.7390740740741,22.7469297823296,22.7201851851852,22.773674379474
"322","S236",1,"salses",2011,"October","Translucent ",2010,2010,1,1.16762317,NA,0,"med_2010","salses_2010",16.4503219225,13.281026028,18.7141047042857,20.44890338,21.7390740740741,22.7469297823296,22.7201851851852,22.773674379474
"323","S237",1,"salses",2011,"October","Translucent ",2010,2010,1,1.13228458,NA,0,"med_2010","salses_2010",16.4503219225,13.281026028,18.7141047042857,20.44890338,21.7390740740741,22.7469297823296,22.7201851851852,22.773674379474
"324","S238",1,"salses",2011,"October","Translucent ",2010,2010,1,1.242718522,NA,0,"med_2010","salses_2010",16.4503219225,13.281026028,18.7141047042857,20.44890338,21.7390740740741,22.7469297823296,22.7201851851852,22.773674379474
"325","S239",1,"salses",2011,"October","Translucent ",2010,2010,1,1.270404279,NA,0,"med_2010","salses_2010",16.4503219225,13.281026028,18.7141047042857,20.44890338,21.7390740740741,22.7469297823296,22.7201851851852,22.773674379474
"326","S240",1,"salses",2011,"October","Translucent ",2010,2010,1,1.103383322,NA,0,"med_2010","salses_2010",16.4503219225,13.281026028,18.7141047042857,20.44890338,21.7390740740741,22.7469297823296,22.7201851851852,22.773674379474
"327","S241",1,"salses",2011,"October","Translucent ",2010,2010,1,1.019307999,NA,0,"med_2010","salses_2010",16.4503219225,13.281026028,18.7141047042857,20.44890338,21.7390740740741,22.7469297823296,22.7201851851852,22.773674379474
"328","S242",3,"salses",2010,"October","Unsure",2007,2007,1,1.536685721,1.769844218,0,"med_2007","salses_2007",16.7052226016667,13.7193799,18.8379673885714,20.4790245666667,22.6225854700855,22.3201246588379,21.9875,22.6527493176758
"329","S242",3,"salses",2010,"October","Unsure",2007,2008,2,1.769844218,2.040831963,1.536685721,"med_2008","salses_2008",16.546388265,13.46769182,18.7454571542857,20.1996657633333,23.1183261183261,22.5163688000453,22.3351851851852,22.6975524149054
"330","S242",3,"salses",2010,"October","Unsure",2007,2009,3,2.040831963,NA,1.769844218,"med_2009","salses_2009",16.7426898816667,13.354949228,19.1625046342857,21.03980054,23.5430555555556,24.4477394568939,24.7416666666667,24.1538122471211
"331","S243",3,"salses",2010,"October","Unsure",2007,2007,1,1.211578908,1.70287067,0,"med_2007","salses_2007",16.7052226016667,13.7193799,18.8379673885714,20.4790245666667,22.6225854700855,22.3201246588379,21.9875,22.6527493176758
"332","S243",3,"salses",2010,"October","Unsure",2007,2008,2,1.70287067,2.015762387,1.211578908,"med_2008","salses_2008",16.546388265,13.46769182,18.7454571542857,20.1996657633333,23.1183261183261,22.5163688000453,22.3351851851852,22.6975524149054
"333","S243",3,"salses",2010,"October","Unsure",2007,2009,3,2.015762387,NA,1.70287067,"med_2009","salses_2009",16.7426898816667,13.354949228,19.1625046342857,21.03980054,23.5430555555556,24.4477394568939,24.7416666666667,24.1538122471211
"334","T074",2,"thau",2010,"October","Translucent ",2008,2008,1,1.429755125,1.853343638,0,"med_2008","thau_2008",16.546388265,13.46769182,18.7454571542857,20.1996657633333,22.2767787114846,22.5163688000453,22.3351851851852,22.6975524149054
"335","T074",2,"thau",2010,"October","Translucent ",2008,2009,2,1.853343638,NA,1.429755125,"med_2009","thau_2009",16.7426898816667,13.354949228,19.1625046342857,21.03980054,24.7645689386866,24.4477394568939,24.7416666666667,24.1538122471211
"336","T075",3,"thau",2010,"October","Translucent ",2007,2007,1,1.269068239,1.642677169,0,"med_2007","thau_2007",16.7052226016667,13.7193799,18.8379673885714,20.4790245666667,22.6829131652661,22.3201246588379,21.9875,22.6527493176758
"337","T075",3,"thau",2010,"October","Translucent ",2007,2008,2,1.642677169,1.908231265,1.269068239,"med_2008","thau_2008",16.546388265,13.46769182,18.7454571542857,20.1996657633333,22.2767787114846,22.5163688000453,22.3351851851852,22.6975524149054
"338","T075",3,"thau",2010,"October","Translucent ",2007,2009,3,1.908231265,NA,1.642677169,"med_2009","thau_2009",16.7426898816667,13.354949228,19.1625046342857,21.03980054,24.7645689386866,24.4477394568939,24.7416666666667,24.1538122471211
"339","T077",3,"thau",2010,"October","Translucent ",2007,2007,1,1.595123728,2.067424568,0,"med_2007","thau_2007",16.7052226016667,13.7193799,18.8379673885714,20.4790245666667,22.6829131652661,22.3201246588379,21.9875,22.6527493176758
"340","T077",3,"thau",2010,"October","Translucent ",2007,2008,2,2.067424568,2.380668798,1.595123728,"med_2008","thau_2008",16.546388265,13.46769182,18.7454571542857,20.1996657633333,22.2767787114846,22.5163688000453,22.3351851851852,22.6975524149054
"341","T077",3,"thau",2010,"October","Translucent ",2007,2009,3,2.380668798,NA,2.067424568,"med_2009","thau_2009",16.7426898816667,13.354949228,19.1625046342857,21.03980054,24.7645689386866,24.4477394568939,24.7416666666667,24.1538122471211
"342","T191",6,"thau",2011,"July","Translucent ",2004,2004,1,1.388,1.831,0,"med_2004","thau_2004",16.4490078908333,13.555410096,18.5158634585714,20.2378925333333,23.1055555555556,23.5438888888889,24.3544444444444,22.7333333333333
"343","T191",6,"thau",2011,"July","Translucent ",2004,2005,2,1.831,2.102,1.388,"med_2005","thau_2005",16.51457726,13.48520655,18.6784134814286,20.54485515,22.5680672268908,23.4721289862099,24.12,22.8242579724197
"344","T191",6,"thau",2011,"July","Translucent ",2004,2006,3,2.102,2.316,1.831,"med_2006","thau_2006",16.7062784025,13.559240758,18.9541624342857,20.3250259233333,24.6493230625584,24.4087890989729,24.7594444444444,24.0581337535014
"345","T191",6,"thau",2011,"July","Translucent ",2004,2007,4,2.316,2.515,2.102,"med_2007","thau_2007",16.7052226016667,13.7193799,18.8379673885714,20.4790245666667,22.6829131652661,22.3201246588379,21.9875,22.6527493176758
"346","T191",6,"thau",2011,"July","Translucent ",2004,2008,5,2.515,2.653,2.316,"med_2008","thau_2008",16.546388265,13.46769182,18.7454571542857,20.1996657633333,22.2767787114846,22.5163688000453,22.3351851851852,22.6975524149054
"347","T191",6,"thau",2011,"July","Translucent ",2004,2009,6,2.653,NA,2.515,"med_2009","thau_2009",16.7426898816667,13.354949228,19.1625046342857,21.03980054,24.7645689386866,24.4477394568939,24.7416666666667,24.1538122471211
"348","T192",2,"thau",2011,"July","Translucent ",2009,2009,1,1.521638208,1.817919048,0,"med_2009","thau_2009",16.7426898816667,13.354949228,19.1625046342857,21.03980054,24.7645689386866,24.4477394568939,24.7416666666667,24.1538122471211
"349","T192",2,"thau",2011,"July","Translucent ",2009,2010,2,1.817919048,NA,1.521638208,"med_2010","thau_2010",16.4503219225,13.281026028,18.7141047042857,20.44890338,23.808274684874,22.7469297823296,22.7201851851852,22.773674379474
"350","T193",2,"thau",2011,"July","Translucent ",2009,2009,1,1.562535909,1.945003979,0,"med_2009","thau_2009",16.7426898816667,13.354949228,19.1625046342857,21.03980054,24.7645689386866,24.4477394568939,24.7416666666667,24.1538122471211
"351","T193",2,"thau",2011,"July","Translucent ",2009,2010,2,1.945003979,NA,1.562535909,"med_2010","thau_2010",16.4503219225,13.281026028,18.7141047042857,20.44890338,23.808274684874,22.7469297823296,22.7201851851852,22.773674379474
"352","T194",2,"thau",2011,"July","Translucent ",2009,2009,1,1.431316168,1.906385194,0,"med_2009","thau_2009",16.7426898816667,13.354949228,19.1625046342857,21.03980054,24.7645689386866,24.4477394568939,24.7416666666667,24.1538122471211
"353","T194",2,"thau",2011,"July","Translucent ",2009,2010,2,1.906385194,NA,1.431316168,"med_2010","thau_2010",16.4503219225,13.281026028,18.7141047042857,20.44890338,23.808274684874,22.7469297823296,22.7201851851852,22.773674379474
"354","T195",2,"thau",2011,"July","Translucent ",2009,2009,1,1.448496481,1.68609011,0,"med_2009","thau_2009",16.7426898816667,13.354949228,19.1625046342857,21.03980054,24.7645689386866,24.4477394568939,24.7416666666667,24.1538122471211
"355","T195",2,"thau",2011,"July","Translucent ",2009,2010,2,1.68609011,NA,1.448496481,"med_2010","thau_2010",16.4503219225,13.281026028,18.7141047042857,20.44890338,23.808274684874,22.7469297823296,22.7201851851852,22.773674379474
